{"cameraMode":{"drawMode":0,"name":"Shaded","section":"Shading Mode"},"sceneLighting":true,"audioPlay":false,"sceneViewState":{"showFog":true,"showMaterialUpdate":false,"showSkybox":true,"showFlares":true,"showImageEffects":true,"showParticleSystems":true},"in2DMode":false,"pivot":{"x":-0.24072480201721192,"y":0.22282373905181886,"z":0.15159153938293458},"rotation":{"x":0.07977036386728287,"y":0.5558446645736694,"z":-0.05369877442717552,"w":0.8257057070732117},"size":2.3547654151916506,"orthographic":false}