{"cameraMode":{"drawMode":0,"name":"Shaded","section":"Shading Mode"},"sceneLighting":true,"audioPlay":false,"sceneViewState":{"showFog":true,"showMaterialUpdate":false,"showSkybox":true,"showFlares":true,"showImageEffects":true,"showParticleSystems":true},"in2DMode":false,"pivot":{"x":-1.4901161193847657e-8,"y":0.24491718411445619,"z":0.0009999722242355347},"rotation":{"x":0.03935077786445618,"y":0.8406152129173279,"z":0.061634574085474017,"w":-0.5366738438606262},"size":1.0618765354156495,"orthographic":false}